Spotify URI,Title,Album,Artist(s),Submitter ID,Created,Comment,Round ID,Visible To Voters
spotify:track:0AECVMjxepWdsjDb49JFRd,Tell Me Something Good,The Very Best Of Rufus Featuring Chaka Khan,"Rufus, Chaka Khan",1c89e947d02949ed86d05ec22a7350bf,2025-02-24T18:17:08Z,,469e1bb53dc049a09c94b98ba8d7cd75,Yes
spotify:track:12Kq9wL1i4bUCGs6yxFFnA,Doing The Thing,Love Direction,The Dip,7acfbf6ff4234d00875b58e7b2ec389d,2025-02-26T04:23:00Z,,469e1bb53dc049a09c94b98ba8d7cd75,Yes
spotify:track:17OqI90oTFZ3J8PVu6j07V,Voulez-Vous,Voulez-Vous,ABBA,4e117e3021d7466c8bf0b654f8357418,2025-02-24T16:10:51Z,,469e1bb53dc049a09c94b98ba8d7cd75,Yes
spotify:track:1irx6ITISFfwiSqZuBGzSf,Buried Alive In the Blues,Pearl (Legacy Edition),Janis Joplin,49a5ff7c4466457eb8016aaf873224cb,2025-02-23T15:55:49Z,,469e1bb53dc049a09c94b98ba8d7cd75,No
spotify:track:2tb45sHqz02OtBPyiZwmzD,Feelin' Happy,Before the Rain,Lee Oskar,bf3a904d73564b6c97f9e47c5429b767,2025-02-22T16:26:37Z,,469e1bb53dc049a09c94b98ba8d7cd75,Yes
spotify:track:2XVQdI3m0giGxNrwUhV3yP,Funkytown,Mouth To Mouth,Lipps Inc.,ce76a5e6ff274137bb5127db7065d9a8,2025-02-25T21:17:07Z,When’s the last time you heard this intro. Slow build to funk city,469e1bb53dc049a09c94b98ba8d7cd75,Yes
spotify:track:3rv2u0rfXCZrUoeposkCML,Take Me I'm Yours,Take Me I'm Yours,Mary Clark,d0b05ef03f5e4598a3e8532b812c3330,2025-02-26T01:56:28Z,,469e1bb53dc049a09c94b98ba8d7cd75,Yes
spotify:track:3XIEWK1V9n25PS9Vb6axj5,Born to Be Alive - The Original,Born to Be Alive (The Original),Patrick Hernandez,605866a938e54c5da212fc8595186729,2025-02-25T02:31:54Z,,469e1bb53dc049a09c94b98ba8d7cd75,Yes
spotify:track:3yDVQgX2BdOA0f3yJ5smLT,Polyester People (feat. Jeremy Ellis),Kindred,"Will Sessions, Jeremy Ellis",9b7e03ea90dd46db9779dc21eb04ca5a,2025-02-25T17:46:47Z,,469e1bb53dc049a09c94b98ba8d7cd75,No
spotify:track:4dT3qLUU6fFUmomLzk2cUA,Freedom! '90 - Remastered,Ladies & Gentlemen,George Michael,183c5f6ed1b147099842917a9576c8f4,2025-02-23T20:34:43Z,When do you feel more free?,469e1bb53dc049a09c94b98ba8d7cd75,Yes
spotify:track:5YLnfy7R2kueN0BRPkjiEG,I'll Take You There,The Very Best Of The Staple Singers,The Staple Singers,8453d173315c468e8134e2527a658ba5,2025-02-24T19:09:38Z,Kicking off the ride with a fun singalong for everybody to bop their heads to,469e1bb53dc049a09c94b98ba8d7cd75,No
spotify:track:6GcbXBic7GsE85wofV3Sd9,Shake Your Rump To The Funk,The Best Of The Bar-Kays,The Bar-Kays,e5c2390073644e979f43e744c33e6c60,2025-02-23T02:42:19Z,,469e1bb53dc049a09c94b98ba8d7cd75,Yes
spotify:track:6uQKuonTU8VKBz5SHZuQXD,This Is How We Do It,This Is How We Do It,"Montell Jordan, Wino",f1f0f2ed0eb64306992b613229fb7972,2025-02-26T05:51:15Z,This is how we do it — It’s Friday night & I feel alright… 😈🕺🏻🎶,469e1bb53dc049a09c94b98ba8d7cd75,Yes
spotify:track:73ljrkSg4A0q3ByU0Cu7mw,We Like To Party! (The Vengabus),The Party Album!,Vengaboys,a2909b31d1c04d728cfcf68ca0d73cca,2025-02-25T17:43:40Z,Obviously cause we like to party. ,469e1bb53dc049a09c94b98ba8d7cd75,Yes
spotify:track:73mlvsfJM2qwlDUJxeaatI,Daft Punk Is Playing at My House,LCD Soundsystem,LCD Soundsystem,7fdceb56429c4e38939c3e5ee41bfdd0,2025-02-23T17:41:50Z,,469e1bb53dc049a09c94b98ba8d7cd75,No
spotify:track:7rvGZDlfqCjY9EWEUg3Xs6,Rock Steady,"Young, Gifted and Black",Aretha Franklin,0b4377c224ba402d97adce848425da90,2025-02-24T14:17:51Z,,469e1bb53dc049a09c94b98ba8d7cd75,No
spotify:track:0q01PkXaaxdmKlt12EcBOx,Reframing,Reframing,Barker,183c5f6ed1b147099842917a9576c8f4,2025-02-28T12:59:41Z,,51819c387d6f497281ef1baaffd17f00,No
spotify:track:0QPrde5XelykKWVwwgAbOD,Circles,If It All Works Out,Sir Woman,e5c2390073644e979f43e744c33e6c60,2025-02-28T15:35:19Z,,51819c387d6f497281ef1baaffd17f00,No
spotify:track:0QYtZlAMNwyIWSxqa11Bi4,Need You Again (feat. Say She She),Need You Again,"Neal Francis, Say She She",49a5ff7c4466457eb8016aaf873224cb,2025-02-28T13:58:44Z,,51819c387d6f497281ef1baaffd17f00,No
spotify:track:0TUHqN9omctG8MsSwJMhej,Boom,Boom,Sierra Hull,0b4377c224ba402d97adce848425da90,2025-02-28T23:40:10Z,,51819c387d6f497281ef1baaffd17f00,No
spotify:track:2BOM2OhPkqlI8CUMF951K1,Are You Elevated?,Heal Me Good,Yufu,d0b05ef03f5e4598a3e8532b812c3330,2025-03-02T14:51:37Z,,51819c387d6f497281ef1baaffd17f00,No
spotify:track:2rsEq7nJU0mQm5GxF2DV8B,Blank Canvas,Space Between Frames,ALO,1c89e947d02949ed86d05ec22a7350bf,2025-02-28T21:12:42Z,This song is a feel good bop. Still waiting for ALO to top 2004’s Fly Between Falls but this might have potential. ,51819c387d6f497281ef1baaffd17f00,Yes
spotify:track:3KWwb2rZjI2P1hwuQ4gaqS,Space Between Us,Space Between Us,Franc Moody,a2909b31d1c04d728cfcf68ca0d73cca,2025-02-28T14:21:15Z,,51819c387d6f497281ef1baaffd17f00,Yes
spotify:track:3YgvmhjFVbktfVVPjVCBt7,Lights on the Way,Sol Y Sombra,Rose City Band,605866a938e54c5da212fc8595186729,2025-03-01T03:31:26Z,,51819c387d6f497281ef1baaffd17f00,No
spotify:track:50o5tGVIiMBQN4MdYJ4FTv,Into the Night,Still Holdin’ On,Gizmo Varillas,7acfbf6ff4234d00875b58e7b2ec389d,2025-03-03T05:33:34Z,,51819c387d6f497281ef1baaffd17f00,Yes
spotify:track:5jx8nGaWvgYQZJd6k1OOuO,Gold Rush,Gold Rush,Lucius,ce76a5e6ff274137bb5127db7065d9a8,2025-02-28T12:46:12Z,,51819c387d6f497281ef1baaffd17f00,No
spotify:track:5P5qbnKKR4wHhbnWncXsTt,S.N.C,Nothing,DARKSIDE,4e117e3021d7466c8bf0b654f8357418,2025-02-28T14:23:52Z,,51819c387d6f497281ef1baaffd17f00,Yes
spotify:track:5ptjyu9U6GLHiSBhav57fg,Rain Man,Rain Man,CAZAYOUX,9b7e03ea90dd46db9779dc21eb04ca5a,2025-03-02T21:25:59Z,"Austin band. Really good 2024 album Echos, followed up by this funky 2025 single. 

Leader and drummer Forest Cazayoux is a force. If they’re ever in your town, go check em out.",51819c387d6f497281ef1baaffd17f00,Yes
spotify:track:79S0nPgf2upTHNp6Z15E0v,Valdez,Albion Files,Terrace Martin,8453d173315c468e8134e2527a658ba5,2025-02-28T13:12:51Z,,51819c387d6f497281ef1baaffd17f00,No
spotify:track:7AwulfrG1x4sLicEYtQuSf,Crash,Glitching,Charles Berthoud,7fdceb56429c4e38939c3e5ee41bfdd0,2025-03-02T14:19:19Z,,51819c387d6f497281ef1baaffd17f00,No
spotify:track:7dzlMlXxwC2vhpKsfhM6S5,ENTROPIA,ENTROPIA,L'Impératrice,bf3a904d73564b6c97f9e47c5429b767,2025-03-03T02:14:40Z,,51819c387d6f497281ef1baaffd17f00,No
spotify:track:06IfNMdoVrWAizU8boYYCt,Impeach the President,Impeach the President,The Honey Drippers,1c89e947d02949ed86d05ec22a7350bf,2025-03-07T02:11:48Z,When the message hits just as hard as the funky drum beat …. ,fc975de786424ff6a38432e5fca873a7,Yes
spotify:track:0DxZQkKV0pePy2nLGk24wX,Afro Explosion Experience Vol. 1,...in a Filthy Manner,Jaski,605866a938e54c5da212fc8595186729,2025-03-06T04:01:41Z,,fc975de786424ff6a38432e5fca873a7,No
spotify:track:0MYKfjepQjBvp7CkJqCsML,Sleight of Hand,The Crossing,Menahan Street Band,49a5ff7c4466457eb8016aaf873224cb,2025-03-07T12:11:21Z,,fc975de786424ff6a38432e5fca873a7,No
spotify:track:1YBeUOMrOnmkgiFzSx9TlA,Dreams,Together Forever: The Music City Sessions,The Two Things in One,7fdceb56429c4e38939c3e5ee41bfdd0,2025-03-07T13:57:54Z,,fc975de786424ff6a38432e5fca873a7,No
spotify:track:2QWNoieQ1qIzhN9Ho4IqeU,Jalapeno Pep,Feeling Nice,T.D. & Jimmy James 3,183c5f6ed1b147099842917a9576c8f4,2025-03-07T02:10:23Z,Like choosing one of your kids.  Playlist is an embarrassment of riches and this one made me feel nice. Thank you Spunds. ,fc975de786424ff6a38432e5fca873a7,Yes
spotify:track:2znXL2KwdT1fwMecbIZDtp,What About It?,"Game, Dames And Guitar Thangs",Eddie Hazel,4e117e3021d7466c8bf0b654f8357418,2025-03-07T13:23:19Z,,fc975de786424ff6a38432e5fca873a7,Yes
spotify:track:31uf9Tc89J22N0OjGzodNa,Master Rocker,'Nard,Bernard Wright,ce76a5e6ff274137bb5127db7065d9a8,2025-03-05T14:06:51Z,,fc975de786424ff6a38432e5fca873a7,No
spotify:track:38AwzEF66Zhq0LHoYhUcG7,Stick Your Beak In,Fat Lip,Fred Leslie's Missing Link,e5c2390073644e979f43e744c33e6c60,2025-03-06T14:19:03Z,,fc975de786424ff6a38432e5fca873a7,No
spotify:track:3GrvFBxKFjaYnYpDiKcPWK,Bus Stop - Remastered,Bus Stop (Remastered),Oliver Sain,8453d173315c468e8134e2527a658ba5,2025-03-06T11:20:18Z,,fc975de786424ff6a38432e5fca873a7,No
spotify:track:3pr3WRROWjHhoAmjX8cIYU,Nothing I Wanna Know About,Hard Up,The Bamboos,7acfbf6ff4234d00875b58e7b2ec389d,2025-03-05T22:02:41Z,,fc975de786424ff6a38432e5fca873a7,Yes
spotify:track:42dWp81BKDOSyEOzaTp3ew,It Ain't Your Sign It's Your Mind,You Send Me,Roy Ayers,9b7e03ea90dd46db9779dc21eb04ca5a,2025-03-07T03:52:14Z,RIP,fc975de786424ff6a38432e5fca873a7,Yes
spotify:track:5oJtuBTQjjNteO2bIKp5qI,Tantalus,Renewable Energy,The New Mastersounds,d0b05ef03f5e4598a3e8532b812c3330,2025-03-07T00:09:45Z,,fc975de786424ff6a38432e5fca873a7,No
spotify:track:6jP0sdoPg0SQukJOKYEUi9,(Are You Ready) Do The Bus Stop,21 Karat Fatback : Best Of,Fatback Band,f1f0f2ed0eb64306992b613229fb7972,2025-03-07T06:17:16Z,,fc975de786424ff6a38432e5fca873a7,Yes
spotify:track:6KkdsySYUb9mjz6vUNTgsI,Datura,"Cortex, Vol. 2",Cortex,bf3a904d73564b6c97f9e47c5429b767,2025-03-06T18:47:37Z,,fc975de786424ff6a38432e5fca873a7,Yes
spotify:track:6rHlF2GEH8SlKeo04uqQHF,Bear Walk,Minimal Animal,The Link Quartet,a2909b31d1c04d728cfcf68ca0d73cca,2025-03-07T13:12:51Z,,fc975de786424ff6a38432e5fca873a7,Yes
spotify:track:7qD3BnKbj7R7KZmUY8JXf3,Famous Last Words,Famous Last Words,True Loves,0b4377c224ba402d97adce848425da90,2025-03-07T14:15:18Z,,fc975de786424ff6a38432e5fca873a7,No
spotify:track:0nYbn4KaDHNdAmXSQ4eErw,"Hello Green Man, I Am A Tiger",Upupayāma,Upupayāma,183c5f6ed1b147099842917a9576c8f4,2025-03-09T19:29:52Z,Too on the nose?,d173bb9e6fe549cdb77a712e5a2003d4,No
spotify:track:2cyxqUnXVqCepHKKGgwT2S,PBS,Past Is Prologue,Tycho,bf3a904d73564b6c97f9e47c5429b767,2025-03-09T16:01:36Z,,d173bb9e6fe549cdb77a712e5a2003d4,No
spotify:track:2NeVYtinQRXtjIvhNkQShE,Wavy,Maze Of Sounds,"Janko Nilovic, The Soul Surfers",1c89e947d02949ed86d05ec22a7350bf,2025-03-09T12:59:40Z,,d173bb9e6fe549cdb77a712e5a2003d4,No
spotify:track:2Rlw1EslDSKSODPst1GhOY,Sun Colored Eyes,Harvest,BALTHVS,d0b05ef03f5e4598a3e8532b812c3330,2025-03-10T14:22:06Z,,d173bb9e6fe549cdb77a712e5a2003d4,Yes
spotify:track:2vN0yJIIsjfUE5EgcBT6hf,Bubbles,Man-Child,Herbie Hancock,e5c2390073644e979f43e744c33e6c60,2025-03-09T04:15:30Z,It’s a long one but hey we’re jam band fans!,d173bb9e6fe549cdb77a712e5a2003d4,No
spotify:track:2yfKkvgywRAY9xy849piLp,Subterraneans - 2017 Remaster,Low (2017 Remaster),David Bowie,605866a938e54c5da212fc8595186729,2025-03-10T14:44:08Z,,d173bb9e6fe549cdb77a712e5a2003d4,No
spotify:track:3FPKjKxdYR6o3d25QFsycf,Astro Black - The Big Wow Mix,Vienna Scientists V - The 10th Anniversary,Freedom Satellite,a2909b31d1c04d728cfcf68ca0d73cca,2025-03-09T18:41:48Z,,d173bb9e6fe549cdb77a712e5a2003d4,Yes
spotify:track:3oWXn5eW8NUJIXGqa6fANt,Forst,Agar,Edena Gardens,0b4377c224ba402d97adce848425da90,2025-03-09T17:32:44Z,,d173bb9e6fe549cdb77a712e5a2003d4,No
spotify:track:3vX1OAHdl2R8XAWDxffrqy,Egypt,Egypt,KYANOS,7acfbf6ff4234d00875b58e7b2ec389d,2025-03-10T03:42:51Z,,d173bb9e6fe549cdb77a712e5a2003d4,Yes
spotify:track:46JBAowaN2BOfB8CDvazud,Gabor's Path,Szabodelico,Causa Sui,49a5ff7c4466457eb8016aaf873224cb,2025-03-09T18:59:02Z,,d173bb9e6fe549cdb77a712e5a2003d4,No
spotify:track:5gC2pvnOw8ZMuGHBBMZZv0,Sé lest,Takk...,Sigur Rós,f1f0f2ed0eb64306992b613229fb7972,2025-03-10T04:46:44Z,,d173bb9e6fe549cdb77a712e5a2003d4,Yes
spotify:track:5rVFG1UpzRO70YGdu634cK,Midnight On Mars,Blackouts,Ashra,4e117e3021d7466c8bf0b654f8357418,2025-03-09T08:14:10Z,,d173bb9e6fe549cdb77a712e5a2003d4,Yes
spotify:track:5WUZZfuyfWo06mXastqQ8Z,Fukuoka Jam #1,"LivePhish, Vol. 4 6/14/00 (Drum Logos, Fukuoka, Japan)",Phish,9b7e03ea90dd46db9779dc21eb04ca5a,2025-03-09T20:01:35Z,"I know it’s too obvious but fuck it, it’s my #1",d173bb9e6fe549cdb77a712e5a2003d4,Yes
spotify:track:6CQ9jdrQoWQmmcfutvOl60,Letter to My Mind,Recumbent Speech,Ezra Feinberg,ce76a5e6ff274137bb5127db7065d9a8,2025-03-09T18:15:17Z,,d173bb9e6fe549cdb77a712e5a2003d4,No
spotify:track:6KM4KLN1kmX0k0kELWNwB1,Lament,Trio,Jake Shimabukuro,7fdceb56429c4e38939c3e5ee41bfdd0,2025-03-10T00:53:49Z,,d173bb9e6fe549cdb77a712e5a2003d4,No
spotify:track:7m3TmFGOTfnNfj6uqAP79u,Deep Color Jam,Color Box,The KBCS,8453d173315c468e8134e2527a658ba5,2025-03-10T10:37:16Z,,d173bb9e6fe549cdb77a712e5a2003d4,No
spotify:track:00UuzW4G4wm0QpMdDTflun,Top Down,Top Down - Single,"The String Cheese Incident, SunSquabi",183c5f6ed1b147099842917a9576c8f4,2025-03-12T18:41:57Z,Why have one B-lister when you can have two!,4087e61e46a849508941d85e924e87ef,Yes
spotify:track:08zaFYNqxprgDyfmRhXWbs,Weasel,Spafford,Spafford,e5c2390073644e979f43e744c33e6c60,2025-03-12T22:26:11Z,,4087e61e46a849508941d85e924e87ef,No
spotify:track:0dgbJ8kBIy2tr2tdarkGW7,Through Hiker,Where the Fields Grow Green,Ekoostik Hookah,8453d173315c468e8134e2527a658ba5,2025-03-12T09:11:21Z,B-List or below since 1992,4087e61e46a849508941d85e924e87ef,No
spotify:track:0ICyyWM1gTSfD5qynWHpox,Robot Waltz (Live),Sweet Oblivious Antidote (Live),Perpetual Groove,605866a938e54c5da212fc8595186729,2025-03-12T18:09:41Z,,4087e61e46a849508941d85e924e87ef,No
spotify:track:12lKizzEiLgRQuKs9vXPa8,Comin' After You,High Upon the Mountain,Pacific Range,ce76a5e6ff274137bb5127db7065d9a8,2025-03-12T11:09:42Z,,4087e61e46a849508941d85e924e87ef,No
spotify:track:12tRRP8jnBGOc3eQMFpcxk,Lessons,Seasons,WIZRD,d0b05ef03f5e4598a3e8532b812c3330,2025-03-13T01:51:37Z,,4087e61e46a849508941d85e924e87ef,Yes
spotify:track:1WMpucULQdR94OBmda8bdk,Dance In The Desert (Reprise),Reflector,Daniel Donato,7fdceb56429c4e38939c3e5ee41bfdd0,2025-03-12T17:51:16Z,,4087e61e46a849508941d85e924e87ef,No
spotify:track:2ffjTgiovmTDa0pvmqQN6m,Hubble,Interplanetary Escape Vehicle,STS9,49a5ff7c4466457eb8016aaf873224cb,2025-03-12T02:19:32Z,,4087e61e46a849508941d85e924e87ef,No
spotify:track:2m7beeBNe4zXiDDSyrBQWl,Mood,Casino Cabaret,The Magic Beans,f1f0f2ed0eb64306992b613229fb7972,2025-03-12T02:25:29Z,,4087e61e46a849508941d85e924e87ef,Yes
spotify:track:3d5vGsYx481NEEnZzAlTII,Return from Exile,Pass the Information,The Cheebacabra,bf3a904d73564b6c97f9e47c5429b767,2025-03-12T11:26:56Z,,4087e61e46a849508941d85e924e87ef,Yes
spotify:track:3Ub1A9i0rjIuWzO39RzZ7L,Sex In The '70s,Midnight On The Reservoir,Tea Leaf Green,0b4377c224ba402d97adce848425da90,2025-03-12T19:22:10Z,,4087e61e46a849508941d85e924e87ef,No
spotify:track:47hl50HyDtprbwY7mRmk5A,Schizophrenia,The Unbelievable Meltdown,U-Melt,9b7e03ea90dd46db9779dc21eb04ca5a,2025-03-12T12:23:03Z,,4087e61e46a849508941d85e924e87ef,No
spotify:track:5Z8yINFb42KCbRXXRSV2UJ,Can't Stand the Heat,Love Time,The Motet,1c89e947d02949ed86d05ec22a7350bf,2025-03-12T11:41:06Z,,4087e61e46a849508941d85e924e87ef,Yes
spotify:track:6D9slGIeEMbCjXJ1NfhqZW,Hope,Señor Boombox,The Disco Biscuits,4e117e3021d7466c8bf0b654f8357418,2025-03-12T03:01:00Z,,4087e61e46a849508941d85e924e87ef,Yes
spotify:track:6uh3TMl9Gno3ONK1CbEs98,So Well,Lore,Strangefolk,a2909b31d1c04d728cfcf68ca0d73cca,2025-03-12T22:43:43Z,Classic New England jam band. ,4087e61e46a849508941d85e924e87ef,Yes
spotify:track:6xlQ5j4YZ1VRFjQkzNd7zP,Analie,Something Sweet,Stolen Gin,7acfbf6ff4234d00875b58e7b2ec389d,2025-03-12T02:34:33Z,,4087e61e46a849508941d85e924e87ef,Yes
spotify:track:0HxMz7UkNvX2M2FdHNSfqn,Fiji,Super Tragic Expeditions,Sneaky,1c89e947d02949ed86d05ec22a7350bf,2025-03-14T18:36:33Z,,9552a43fbd0148089fdfb9e3ecfebd1f,Yes
spotify:track:0lpN3t52zV2OZzEuVf44VF,Hugs on the Beach,Our Feeling of Natural High,L.A. Takedown,ce76a5e6ff274137bb5127db7065d9a8,2025-03-14T19:08:34Z,,9552a43fbd0148089fdfb9e3ecfebd1f,No
spotify:track:0nYy99TKeqt8T2LdSWzFHN,Here She Comes - Remastered 2000,Carl & The Passions - So Tough (Remastered),The Beach Boys,bf3a904d73564b6c97f9e47c5429b767,2025-03-14T19:00:54Z,,9552a43fbd0148089fdfb9e3ecfebd1f,No
spotify:track:16EXxrSxvDvgOnCp56mNP6,Meditation,Elevator Music for an Elevated Mood,Cory Wong,a2909b31d1c04d728cfcf68ca0d73cca,2025-03-15T15:31:07Z,,9552a43fbd0148089fdfb9e3ecfebd1f,Yes
spotify:track:16OeJvn6s38iUCNniIU4WQ,Shiosai,ARCHES,Isao Tsukamoto,9b7e03ea90dd46db9779dc21eb04ca5a,2025-03-14T22:27:15Z,,9552a43fbd0148089fdfb9e3ecfebd1f,No
spotify:track:1ohvvpAVuay6BM7UHfk6kS,Sunsick,Solarium,The Groovy Nobody,49a5ff7c4466457eb8016aaf873224cb,2025-03-14T21:25:58Z,,9552a43fbd0148089fdfb9e3ecfebd1f,No
spotify:track:2pZJhvpin385eqAFRp3ASJ,Sun Is Shining,Kaya,Bob Marley & The Wailers,e5c2390073644e979f43e744c33e6c60,2025-03-14T20:56:15Z,,9552a43fbd0148089fdfb9e3ecfebd1f,No
spotify:track:34HzVMlMYgfjBdhvjxUSA2,Feel Good All Over,Good All Over,Delroy Wilson,8453d173315c468e8134e2527a658ba5,2025-03-14T18:23:34Z,Airting is irie mon ,9552a43fbd0148089fdfb9e3ecfebd1f,No
spotify:track:3kbUFmLV5SHVQonfOpNgkd,San Tropez,Meddle,Pink Floyd,4e117e3021d7466c8bf0b654f8357418,2025-03-15T22:12:30Z,,9552a43fbd0148089fdfb9e3ecfebd1f,Yes
spotify:track:4Hm5W5XsJlJ5FdF8w9eIaj,El Sueno,La Lom,LA LOM,0b4377c224ba402d97adce848425da90,2025-03-15T21:05:54Z,,9552a43fbd0148089fdfb9e3ecfebd1f,No
spotify:track:4VwDvmQuHh7q9KoyJJ7MF5,The Sea,Earthling On The Road To Self Love,Baby Cool,7acfbf6ff4234d00875b58e7b2ec389d,2025-03-16T02:08:15Z,,9552a43fbd0148089fdfb9e3ecfebd1f,Yes
spotify:track:5t84c16mS381H1duJpy1nj,Backyard Boogie,Build Bridges,The Sure Fire Soul Ensemble,605866a938e54c5da212fc8595186729,2025-03-15T14:59:20Z,,9552a43fbd0148089fdfb9e3ecfebd1f,No
spotify:track:5x022eufIzb8CkXsIlxRB9,In The Air,In The Air,The California Honeydrops,d0b05ef03f5e4598a3e8532b812c3330,2025-03-15T14:10:35Z,,9552a43fbd0148089fdfb9e3ecfebd1f,No
spotify:track:6Ehg6hFp7O2qUF3njy7dAj,Manchester,151a,Kishi Bashi,183c5f6ed1b147099842917a9576c8f4,2025-03-14T19:35:29Z,Deserted island. Me and Wilson. A love story that tragically will end ,9552a43fbd0148089fdfb9e3ecfebd1f,Yes
spotify:track:6VBvM8L3zWQY0JVaJMNUyy,Adriatica,Dead Dance,Opez,7fdceb56429c4e38939c3e5ee41bfdd0,2025-03-14T20:14:55Z,,9552a43fbd0148089fdfb9e3ecfebd1f,No
spotify:track:7E4qUlNYocWix5FKBdw5CN,OH! TENGO SUERTE,SEYCHELLES,Masayoshi Takanaka,f1f0f2ed0eb64306992b613229fb7972,2025-03-15T23:33:01Z,,9552a43fbd0148089fdfb9e3ecfebd1f,Yes
spotify:track:02lTDOxHeXTHsdwXoz6lpC,In the Meantime,Resident Alien,Spacehog,183c5f6ed1b147099842917a9576c8f4,2025-03-18T23:55:20Z,,1cbceb29345b40ad950b853c87ed24d3,No
spotify:track:0jsANwwkkHyyeNyuTFq2XO,Heartbreaker (feat. JAŸ-Z),Rainbow,"Mariah Carey, JAŸ-Z",1c89e947d02949ed86d05ec22a7350bf,2025-03-18T01:31:58Z,,1cbceb29345b40ad950b853c87ed24d3,No
spotify:track:0wJyFu6JHwUoKQN5X3uzVe,How Bizarre,How Bizarre,OMC,4e117e3021d7466c8bf0b654f8357418,2025-03-18T20:45:27Z,,1cbceb29345b40ad950b853c87ed24d3,Yes
spotify:track:2AnTuxahfcAS7dGxGZnihY,Cantaloop (Flip Fantasia),Hand On The Torch,"Us3, Rahsaan, Gerard Presencer",7fdceb56429c4e38939c3e5ee41bfdd0,2025-03-19T01:07:06Z,,1cbceb29345b40ad950b853c87ed24d3,No
spotify:track:2EI8uljBPaI23VUr2tv4eS,Jam,Dangerous,Michael Jackson,7acfbf6ff4234d00875b58e7b2ec389d,2025-03-18T05:10:49Z,,1cbceb29345b40ad950b853c87ed24d3,Yes
spotify:track:2UKkLqST2xWpK8n1b0Xr5Z,Return To Innocence,The Cross Of Changes,Enigma,f1f0f2ed0eb64306992b613229fb7972,2025-03-18T01:26:23Z,,1cbceb29345b40ad950b853c87ed24d3,Yes
spotify:track:3XG801WWhqC753dekEBkMt,Real Love,What's The 411?,Mary J. Blige,8453d173315c468e8134e2527a658ba5,2025-03-18T20:58:15Z,,1cbceb29345b40ad950b853c87ed24d3,No
spotify:track:4LxIGAVfcQIw0zAQRyFhU8,Motownphilly,Cooleyhighharmony (Bonus Tracks Version),Boyz II Men,e5c2390073644e979f43e744c33e6c60,2025-03-18T23:15:27Z,,1cbceb29345b40ad950b853c87ed24d3,No
spotify:track:4Ruw17OcuhMkrkHAK91yub,All That (Theme Song),All That (Theme Song),TLC,49a5ff7c4466457eb8016aaf873224cb,2025-03-18T01:17:30Z,,1cbceb29345b40ad950b853c87ed24d3,No
spotify:track:4VSyH8AkIt3kaR5xIPFVVi,Where My Girls At,702,702,0b4377c224ba402d97adce848425da90,2025-03-18T16:52:24Z,,1cbceb29345b40ad950b853c87ed24d3,No
spotify:track:5mqEL5pgnDCcWtTWpAofIV,Promise,Horrorscope,Eve 6,bf3a904d73564b6c97f9e47c5429b767,2025-03-18T21:44:26Z,:-p,1cbceb29345b40ad950b853c87ed24d3,No
spotify:track:6CU0zWIWVTEnmWpSjVHM93,You Gotta Be,I Ain't Movin',Des'ree,d0b05ef03f5e4598a3e8532b812c3330,2025-03-18T19:56:53Z,,1cbceb29345b40ad950b853c87ed24d3,No
spotify:track:6PNvv1dmDbOWrAYwEcuKBX,Criminal,Tidal,Fiona Apple,ce76a5e6ff274137bb5127db7065d9a8,2025-03-18T01:17:16Z,,1cbceb29345b40ad950b853c87ed24d3,No
spotify:track:74jTexO94dFGyXGyeu8krd,Beautiful Life,The Bridge,Ace of Base,605866a938e54c5da212fc8595186729,2025-03-19T03:12:03Z,,1cbceb29345b40ad950b853c87ed24d3,No
spotify:track:7aQjPecQdIuNd1sz3KCDhD,Lovefool,First Band On The Moon (Remastered),The Cardigans,9b7e03ea90dd46db9779dc21eb04ca5a,2025-03-18T23:52:13Z,,1cbceb29345b40ad950b853c87ed24d3,No
spotify:track:7LF0YY1gON8rBECsyEs0Wb,Roll To Me,Twisted,Del Amitri,a2909b31d1c04d728cfcf68ca0d73cca,2025-03-18T21:50:34Z,,1cbceb29345b40ad950b853c87ed24d3,Yes
spotify:track:0AMKZWRgdFfGYYTxiWrwwH,What Am I To You?,Feels Like Home,Norah Jones,605866a938e54c5da212fc8595186729,2025-03-19T23:27:58Z,,f47247b958674c15a7f183e997fe295c,No
spotify:track:0CZ8lquoTX2Dkg7Ak2inwA,1950,1950,King Princess,bf3a904d73564b6c97f9e47c5429b767,2025-03-20T20:11:51Z,,f47247b958674c15a7f183e997fe295c,No
spotify:track:0WCeOw7W3QhDRwFcHuZ1kV,"My Neck, My Back - Live",Love Stuff (Japan Version),Elle King,f1f0f2ed0eb64306992b613229fb7972,2025-03-20T04:33:56Z,Rob Schneider’s daughter apparently??? ,f47247b958674c15a7f183e997fe295c,Yes
spotify:track:24Gxm7Eh7tO83E26LG0CsY,Hero,Escape,Enrique Iglesias,4e117e3021d7466c8bf0b654f8357418,2025-03-20T04:16:09Z,,f47247b958674c15a7f183e997fe295c,No
spotify:track:2Y2EqiFJIoQBhOQZHd7C97,Corporate Public Control Department (C.P.C.D.),Black Times,"Seun Kuti, Egypt 80",8453d173315c468e8134e2527a658ba5,2025-03-20T10:54:26Z,"Zach, this is Fela Kuti’s son",f47247b958674c15a7f183e997fe295c,Yes
spotify:track:48yz63T4zxxDp2TekCd6w6,One For The Other,Radio Astro,Hearty Har,7acfbf6ff4234d00875b58e7b2ec389d,2025-03-20T05:33:19Z,,f47247b958674c15a7f183e997fe295c,Yes
spotify:track:4VZDv8sASBS8UruUBGTFdk,Hold On,Wilson Phillips,Wilson Phillips,0b4377c224ba402d97adce848425da90,2025-03-20T01:31:01Z,"Wilson Phillips is an American pop vocal group formed in Los Angeles in 1989. The group consists of sisters Carnie and Wendy Wilson, the daughters of Brian Wilson of The Beach Boys, and Chynna Phillips, the daughter of John and Michelle Phillips of The Mamas & The Papas.",f47247b958674c15a7f183e997fe295c,Yes
spotify:track:4W8IEREeLldaSQyGXcZQ2I,Strawberry Letter 23,Freedom Flight,Shuggie Otis,d0b05ef03f5e4598a3e8532b812c3330,2025-03-20T20:21:32Z,Father Jonny Otis- the godfather of rhythm and blues but boy did his boy write a nasty little tune ,f47247b958674c15a7f183e997fe295c,No
spotify:track:5pE8wHrQ5exxT7TmIBoyNt,Tag,Mutopia,Jeff Coffin & the Mu'tet,9b7e03ea90dd46db9779dc21eb04ca5a,2025-03-20T20:45:24Z,"Did you know that Jaco Pastorious, many consider to be the GOAT bassist, has a son Felix who is also an INSANE bass player. He is in the supergroup the Mutet with Jeff Coffin and Jeff Sipe. His band The Hipster Assassins are also amazing and have some hidden gems on Archive

https://archive.org/details/ha2019-08-23.flac16/ha2019-08-23t01.flac",f47247b958674c15a7f183e997fe295c,Yes
spotify:track:5r0ssYtbNzWsUOO2kjlWq2,Insh'allah,Space Age Blues,Devon Allman's Honeytribe,7fdceb56429c4e38939c3e5ee41bfdd0,2025-03-20T01:46:48Z,,f47247b958674c15a7f183e997fe295c,No
spotify:track:6lQyCgVnSxnOssgLIOZItN,wanted,ceremonial contrafact (empathogen deluxe),"WILLOW, Kamasi Washington",1c89e947d02949ed86d05ec22a7350bf,2025-03-20T12:03:46Z,"Double Nepo.  Willow, of Will and Jada Smith, feat. Kamasi Washington, son of great saxophonist and flutist rickey washington",f47247b958674c15a7f183e997fe295c,Yes
spotify:track:72cVy0mUOBI8dRNSzg1b03,"Chunga's Revenge - Live At Wembley Arena, London,UK/1988",Trance-Fusion (Live),"Frank Zappa, Dweezil Zappa",ce76a5e6ff274137bb5127db7065d9a8,2025-03-20T00:54:04Z,Featuring Frank’s son Dweezil,f47247b958674c15a7f183e997fe295c,Yes
spotify:track:7FSedBiKCI1SwQ0pT2tqXx,St James Infirmary,Josh White Jr. Live at the Raven,Josh White Jr.,49a5ff7c4466457eb8016aaf873224cb,2025-03-19T23:38:50Z,,f47247b958674c15a7f183e997fe295c,No
spotify:track:7m3SIBZJMyY5aWCa533OAZ,Breath of a Salesman,Monolith of Phobos,"The Claypool Lennon Delirium, Les Claypool, Sean Ono Lennon",e5c2390073644e979f43e744c33e6c60,2025-03-20T05:21:40Z,“ V I Lenin! Donny you’re out of your element!” ,f47247b958674c15a7f183e997fe295c,Yes
spotify:track:7u7t0fkgrpwnmaP7oXJE60,Catfish John,Temple Cabin Sessions Volume I,Sam Grisman Project,a2909b31d1c04d728cfcf68ca0d73cca,2025-03-20T00:17:21Z,,f47247b958674c15a7f183e997fe295c,Yes
spotify:track:7vCAPGfk46iIyikreugUay,Coming into Los Angeles - Remastered,Running Down the Road (Remastered),Arlo Guthrie,183c5f6ed1b147099842917a9576c8f4,2025-03-19T23:27:19Z,,f47247b958674c15a7f183e997fe295c,No
spotify:track:0exKMPo2iind68yWTaHCrr,Pony - Recorded at Spotify Studios NYC,Spotify Singles,Leon Bridges,605866a938e54c5da212fc8595186729,2025-03-22T11:45:30Z,,a86d68eba8e04ada8eaf99d97e1809be,No
spotify:track:1dmJWX0nWAx5gjDzAohSbO,Cerca De Ti,Hoy Como Ayer,Hermanos Gutiérrez,0b4377c224ba402d97adce848425da90,2025-03-23T13:36:09Z,,a86d68eba8e04ada8eaf99d97e1809be,No
spotify:track:1srD2uc11TcQiOmHHrJp8M,Reasons,That's The Way Of The World,"Earth, Wind & Fire",8453d173315c468e8134e2527a658ba5,2025-03-22T00:35:56Z,,a86d68eba8e04ada8eaf99d97e1809be,No
spotify:track:1SsUx7lHTfuiSSB1KfRMdE,Distance,Dawn,Yebba,d0b05ef03f5e4598a3e8532b812c3330,2025-03-23T12:21:13Z,sending my love all over you 💦💦💦,a86d68eba8e04ada8eaf99d97e1809be,Yes
spotify:track:2GinEvCvwEV4M5JHtnEzHC,Love To Love You Baby,On The Radio: Greatest Hits Volumes I & II,Donna Summer,49a5ff7c4466457eb8016aaf873224cb,2025-03-21T21:21:05Z,,a86d68eba8e04ada8eaf99d97e1809be,Yes
spotify:track:3JHDtmFdX9kdx9wz0md98U,Like You'll Never See Me Again,As I Am (Expanded Edition),Alicia Keys,1c89e947d02949ed86d05ec22a7350bf,2025-03-21T20:29:36Z,,a86d68eba8e04ada8eaf99d97e1809be,Yes
spotify:track:465JohWeaz2FKbdKVmXvrJ,Voodoo,Yellow Moon,The Neville Brothers,7acfbf6ff4234d00875b58e7b2ec389d,2025-03-22T05:43:20Z,,a86d68eba8e04ada8eaf99d97e1809be,Yes
spotify:track:4a6cnamvLj6jaaI1MKd0Zu,Simultaneous,Chef Aid: The South Park Album,"Chef, Isaac Hayes",ce76a5e6ff274137bb5127db7065d9a8,2025-03-21T20:23:14Z,,a86d68eba8e04ada8eaf99d97e1809be,No
spotify:track:4GudXlpRy1EMOLflXpE5cW,Adventure for 2,Soul Movement Vol. 2,Beatchild,9b7e03ea90dd46db9779dc21eb04ca5a,2025-03-22T20:19:39Z,Funck,a86d68eba8e04ada8eaf99d97e1809be,No
spotify:track:4oPNN7syJYSjzDhRerF966,Untitled (How Does It Feel),Voodoo,D'Angelo,bf3a904d73564b6c97f9e47c5429b767,2025-03-22T11:49:21Z,,a86d68eba8e04ada8eaf99d97e1809be,No
spotify:track:4SF1747p541umnykBp352Q,Nobody (feat. Athena Cage),Keith Sweat,"Keith Sweat, Athena Cage",e5c2390073644e979f43e744c33e6c60,2025-03-22T05:07:21Z,Be careful you might be pregnant from just listening to this one!,a86d68eba8e04ada8eaf99d97e1809be,No
spotify:track:5AiNMNnKQUYcKsuJoB6ITc,Yes Baby Yes,Come Touch The Sun,Mo' Horizons,183c5f6ed1b147099842917a9576c8f4,2025-03-21T23:10:04Z,"Always start your sex with a joke. Pro tip, if you put this on and close your eyes, it can feel like you've gained a third. ",a86d68eba8e04ada8eaf99d97e1809be,No
spotify:track:5EYdTPdJD74r9EVZBztqGG,The Bad Touch,Hooray For Boobies,Bloodhound Gang,a2909b31d1c04d728cfcf68ca0d73cca,2025-03-22T23:40:35Z,,a86d68eba8e04ada8eaf99d97e1809be,Yes
spotify:track:6eL7t6s1AL4l982wfAU8pv,Father Figure - Remastered,Ladies & Gentlemen,George Michael,4e117e3021d7466c8bf0b654f8357418,2025-03-23T07:13:34Z,Fuck it,a86d68eba8e04ada8eaf99d97e1809be,No
spotify:track:7qFhAfUbytgPIVz4TYb3hT,Do U Wrong (feat. Syd),Leven Kali: Low Tide,"Leven Kali, Syd",f1f0f2ed0eb64306992b613229fb7972,2025-03-21T20:26:01Z,,a86d68eba8e04ada8eaf99d97e1809be,Yes
spotify:track:7tZdkPtebOG29TzPPHlsem,Quick Musical Doodles,First Steps,Two Feet,7fdceb56429c4e38939c3e5ee41bfdd0,2025-03-22T03:35:46Z,,a86d68eba8e04ada8eaf99d97e1809be,No
spotify:track:1NsUICf9ugoSbpyue5qcDh,I'll Never Leave,Rêverie,Les Imprimés,7acfbf6ff4234d00875b58e7b2ec389d,2025-03-25T21:23:15Z,,fa8f26b75d8a456e86a5bba87f69c8cd,Yes
spotify:track:1sN36lAQq4ElbU1dgNefol,Righteously,Righteously,Anna Ash,bf3a904d73564b6c97f9e47c5429b767,2025-03-25T21:35:18Z,,fa8f26b75d8a456e86a5bba87f69c8cd,No
spotify:track:2cAE4IFjDM4uFLHA4lG3Yw,Heroic Easy,Single Shot,"Mister Ott, Matthew Ottignon, Ellen Kirkwood, Daniel Pliner, Ben Panucci, Eden Ottignon, Carlos Adura",8453d173315c468e8134e2527a658ba5,2025-03-25T16:03:33Z,I don’t really zero in on tracks or albums for more than a play or two so I’m just going to keep changing to my fave new discovery until the last song is submitted. Fight me about it Diskin!,fa8f26b75d8a456e86a5bba87f69c8cd,Yes
spotify:track:2CXjrph4GOOERwlmak9CyE,Feel Your Soul,Under the Covers,"David Marston, Brigitte Zozula, Frano",1c89e947d02949ed86d05ec22a7350bf,2025-03-25T14:30:42Z,Had this short listed for the desert island round and keep coming back to it,fa8f26b75d8a456e86a5bba87f69c8cd,Yes
spotify:track:31I691UrDuyt54hM6MFMoA,Squeeze,Squeeze,Maya Delilah,ce76a5e6ff274137bb5127db7065d9a8,2025-03-25T12:16:01Z,,fa8f26b75d8a456e86a5bba87f69c8cd,No
spotify:track:3eUZrUjpOBmgSV3wlb6Ew1,Edmundo (In the Mood),"Horse Meat Disco Presents Disco & Boogie From Brazil, Vol. 1",Coisa Quente,9b7e03ea90dd46db9779dc21eb04ca5a,2025-03-25T14:06:12Z,,fa8f26b75d8a456e86a5bba87f69c8cd,No
spotify:track:41cpvQ2GyGb2BRdIRSsTqK,Moon River,Moon River,Frank Ocean,605866a938e54c5da212fc8595186729,2025-03-26T10:12:55Z,,fa8f26b75d8a456e86a5bba87f69c8cd,No
spotify:track:4FqimycrrBbrtBQfooXLNU,Looking Up,Looking Up,Pete Josef,d0b05ef03f5e4598a3e8532b812c3330,2025-03-25T20:29:25Z,,fa8f26b75d8a456e86a5bba87f69c8cd,No
spotify:track:4pNzBbGcqXofx8mLBPTeih,Killah (feat. Gesaffelstein),MAYHEM,"Lady Gaga, Gesaffelstein",4e117e3021d7466c8bf0b654f8357418,2025-03-25T12:55:35Z,,fa8f26b75d8a456e86a5bba87f69c8cd,No
spotify:track:4RRWp9R4K38h1XCaZM9nOd,Cycles (feat. Pat Vegas & Lolly Vegas),Cycles (feat. Pat Vegas & Lolly Vegas),"Redbone, Lolly Vegas, Pat Vegas",49a5ff7c4466457eb8016aaf873224cb,2025-03-25T12:18:47Z,,fa8f26b75d8a456e86a5bba87f69c8cd,No
spotify:track:4vKwWcBA4nXMPKPWcF4BvS,The Color of Life,Soul Food Taqueria,Tommy Guerrero,7fdceb56429c4e38939c3e5ee41bfdd0,2025-03-26T02:11:30Z,,fa8f26b75d8a456e86a5bba87f69c8cd,No
spotify:track:5ptjyu9U6GLHiSBhav57fg,Rain Man,Rain Man,CAZAYOUX,f1f0f2ed0eb64306992b613229fb7972,2025-03-25T15:02:37Z,,fa8f26b75d8a456e86a5bba87f69c8cd,Yes
spotify:track:65A6u9Mj3G0LgRs2x6zLuq,Hearing The Truth,Hearing The Truth,BT ALC Big Band,a2909b31d1c04d728cfcf68ca0d73cca,2025-03-25T19:14:27Z,This whole album is worth a listen. ,fa8f26b75d8a456e86a5bba87f69c8cd,Yes
spotify:track:6HNDaFHiEH8Ul7vxIh2HPJ,Get On Now,Wine On Venus,The Hodge Podge,0b4377c224ba402d97adce848425da90,2025-03-25T15:39:31Z,,fa8f26b75d8a456e86a5bba87f69c8cd,No
spotify:track:6uAt2PE7YB5gHeCAFeD7G6,Just As Long As We're Together,Just As Long As We're Together,Jalen Ngonda,e5c2390073644e979f43e744c33e6c60,2025-03-25T13:50:39Z,This came out like a week after our new release round!,fa8f26b75d8a456e86a5bba87f69c8cd,Yes
spotify:track:6VjvSxZVefzlBKROzlTQaT,Go to Bed Now,GUTTERBALL,Galt MacDermot,183c5f6ed1b147099842917a9576c8f4,2025-03-25T22:00:46Z,,fa8f26b75d8a456e86a5bba87f69c8cd,No
spotify:track:0AwEQyt4fcZNTIggXmkIRq,Desire [Feat Lucius],Daylight,"Grace Potter, Lucius",7fdceb56429c4e38939c3e5ee41bfdd0,2025-03-29T17:24:34Z,,4f0c585477e14d2eaff22cc227ec3a1e,No
spotify:track:0VVtv8sJ7Pl9j4h0iKisFa,Izzo (H.O.V.A.) - Live On MTV Unplugged / 2001,Jay-Z Unplugged (Live On MTV Unplugged / 2001),JAŸ-Z,d0b05ef03f5e4598a3e8532b812c3330,2025-03-30T05:00:39Z,,4f0c585477e14d2eaff22cc227ec3a1e,No
spotify:track:1Gg5sm1IeeKK6GeV8WXbQl,I Knew You Were Waiting (For Me),Ladies & Gentlemen,"George Michael, Aretha Franklin",e5c2390073644e979f43e744c33e6c60,2025-03-28T15:53:25Z,,4f0c585477e14d2eaff22cc227ec3a1e,No
spotify:track:1m5N9YCZL4BXuSXdYmhRaj,Please Read The Letter,Raising Sand,"Robert Plant, Alison Krauss",ce76a5e6ff274137bb5127db7065d9a8,2025-03-28T11:04:07Z,,4f0c585477e14d2eaff22cc227ec3a1e,No
spotify:track:1UP7PXne1lIYZB5G5aiRGL,II MOST WANTED,COWBOY CARTER,"Beyoncé, Miley Cyrus",9b7e03ea90dd46db9779dc21eb04ca5a,2025-03-30T10:53:57Z,,4f0c585477e14d2eaff22cc227ec3a1e,No
spotify:track:2hfjGsWCj47bdpE6oJuUL7,Albert's Shuffle,Super Session (with Al Kooper & Stephen Stills),"Mike Bloomfield, Al Kooper",bf3a904d73564b6c97f9e47c5429b767,2025-03-28T13:06:00Z,this whole album is filthy,4f0c585477e14d2eaff22cc227ec3a1e,No
spotify:track:2ngkSsDjbKRxovWkMfjBUk,I Can't Stop Loving You,That's What I Say,"John Scofield, Mavis Staples",a2909b31d1c04d728cfcf68ca0d73cca,2025-03-28T13:14:42Z,,4f0c585477e14d2eaff22cc227ec3a1e,Yes
spotify:track:30oHGCA7ihNMLWn3wmZ35M,Stars,Hush,"Bobby McFerrin, Yo-Yo Ma",0b4377c224ba402d97adce848425da90,2025-03-28T12:37:18Z,,4f0c585477e14d2eaff22cc227ec3a1e,No
spotify:track:3RmKpob8xzv1pzHEQrMJah,Let Me Blow Ya Mind,Scorpion,"Eve, Gwen Stefani",49a5ff7c4466457eb8016aaf873224cb,2025-03-28T11:01:30Z,,4f0c585477e14d2eaff22cc227ec3a1e,No
spotify:track:3WH7R6keO9vRszyPT1Q9mj,Snoopies,and the Anonymous Nobody...,"De La Soul, David Byrne",183c5f6ed1b147099842917a9576c8f4,2025-03-28T20:15:59Z,,4f0c585477e14d2eaff22cc227ec3a1e,No
spotify:track:4GhBcTl9IGffZjZ2e0moqK,From the Corner to the Block,From the Corner To the Block,"Galactic, JUVENILE",f1f0f2ed0eb64306992b613229fb7972,2025-03-29T00:39:23Z,⚜️,4f0c585477e14d2eaff22cc227ec3a1e,Yes
spotify:track:4YSQJk2gezunUzvPZDgHQX,SoulMine,SoulMine,"Ari Joshua, Skerik, Grant Schroff, Delvon Lamarr",605866a938e54c5da212fc8595186729,2025-03-30T09:25:54Z,,4f0c585477e14d2eaff22cc227ec3a1e,No
spotify:track:5Fik3NpxT1qBKSXfXe8YBr,Who,Love This Giant,"David Byrne, St. Vincent",4e117e3021d7466c8bf0b654f8357418,2025-03-28T21:08:39Z,,4f0c585477e14d2eaff22cc227ec3a1e,No
spotify:track:6UPMVHR7TyTeYPP67B3QMf,Drink From Me,Plus One,"The War And Treaty, Billy Strings",1c89e947d02949ed86d05ec22a7350bf,2025-03-28T11:41:37Z,,4f0c585477e14d2eaff22cc227ec3a1e,No
spotify:track:7e2T6TKztcym8SMPHjCag5,Wavy Feels,Wavy Feels,"Assaf Spector, Gitkin",7acfbf6ff4234d00875b58e7b2ec389d,2025-03-28T18:58:00Z,,4f0c585477e14d2eaff22cc227ec3a1e,Yes
spotify:track:7xqUrcModMRC4M6wpvYLRh,"A Blow for Me, a Toot to You (feat. Maceo Parker)","A Blow For Me, A Toot To You (feat. Maceo Parker) [Bonus Track Version]","Fred Wesley & The Horny Horns, Maceo Parker, Mike E. Clark",8453d173315c468e8134e2527a658ba5,2025-03-29T23:30:58Z,,4f0c585477e14d2eaff22cc227ec3a1e,No
spotify:track:0a3kDhZaZDNJJO25zNryki,Space Captain - Live At The Fillmore East/1970,Mad Dogs & Englishmen (Live At The Fillmore East/1970/Reissue),Joe Cocker,8453d173315c468e8134e2527a658ba5,2025-04-01T14:07:44Z,,ec30df9aa1c9402db557f9baef42246b,No
spotify:track:0lBVaPaaHYF5nU2doa3Bmt,Nitroglycerin,Mind Transplant,Alphonse Mouzon,9b7e03ea90dd46db9779dc21eb04ca5a,2025-04-01T14:03:51Z,,ec30df9aa1c9402db557f9baef42246b,Yes
spotify:track:1bElCb3PUzvfpxEPCA6fmY,I Loved Another Woman,Fleetwood Mac,Fleetwood Mac,7acfbf6ff4234d00875b58e7b2ec389d,2025-04-01T19:43:48Z,,ec30df9aa1c9402db557f9baef42246b,Yes
spotify:track:1IuUe3A7EfJmvZH3EljtwR,Hocus Pocus - Original Single Version,Hocus Pocus,Focus,605866a938e54c5da212fc8595186729,2025-04-01T14:12:01Z,,ec30df9aa1c9402db557f9baef42246b,No
spotify:track:2LuaCTFQkHilH4a7jGj00J,Off The Record,Z,My Morning Jacket,1c89e947d02949ed86d05ec22a7350bf,2025-04-01T14:48:07Z,,ec30df9aa1c9402db557f9baef42246b,No
spotify:track:38VMtB7XKuFYDaNsyEuMKR,Night By Night,Pretzel Logic,Steely Dan,ce76a5e6ff274137bb5127db7065d9a8,2025-04-01T13:37:15Z,,ec30df9aa1c9402db557f9baef42246b,No
spotify:track:3mCeeoBvTTpg8Xy2Wuvirw,Bat Out of Hell,Bat Out Of Hell,Meat Loaf,e5c2390073644e979f43e744c33e6c60,2025-04-01T02:58:22Z,,ec30df9aa1c9402db557f9baef42246b,No
spotify:track:3oN6GakwMKG2BjIMTUdXCN,Stronger Through The Years,Manifesto,Roxy Music,0b4377c224ba402d97adce848425da90,2025-04-01T20:18:55Z,,ec30df9aa1c9402db557f9baef42246b,No
spotify:track:3QZ7uX97s82HFYSmQUAN1D,Tom Sawyer,Moving Pictures (2011 Remaster),Rush,a2909b31d1c04d728cfcf68ca0d73cca,2025-04-01T20:23:27Z,,ec30df9aa1c9402db557f9baef42246b,Yes
spotify:track:466C6kwoJHLUJ8VHG98hCY,Roundabout - 2024 Remaster,Fragile (Super Deluxe),Yes,bf3a904d73564b6c97f9e47c5429b767,2025-04-01T15:32:05Z,,ec30df9aa1c9402db557f9baef42246b,No
spotify:track:4zLMM82wGnGS0VIy3pq2yU,Sabbra Cadabra - 2013 Remaster,Sabbath Bloody Sabbath (2014 Remaster),Black Sabbath,49a5ff7c4466457eb8016aaf873224cb,2025-04-01T02:35:23Z,,ec30df9aa1c9402db557f9baef42246b,No
spotify:track:5mZ64Frr4QjMOkg3XtLlS8,(Ain't Nothin' but A) House Party,Bloodshot,The J. Geils Band,4e117e3021d7466c8bf0b654f8357418,2025-04-01T03:16:51Z,,ec30df9aa1c9402db557f9baef42246b,No
spotify:track:64dHj8ZxaI2Wj0brEehVMN,"Lawyers, Guns and Money",Excitable Boy,Warren Zevon,183c5f6ed1b147099842917a9576c8f4,2025-04-01T15:56:30Z,Sung by Fish duh,ec30df9aa1c9402db557f9baef42246b,No
spotify:track:6sGjJmzgxvfNqLyp8yd0TH,Grey Seal - Remastered 2014,Goodbye Yellow Brick Road (Remastered),Elton John,d0b05ef03f5e4598a3e8532b812c3330,2025-04-01T03:16:48Z,,ec30df9aa1c9402db557f9baef42246b,No
spotify:track:7F02x6EKYIQV3VcTaTm7oN,Hey You,The Wall,Pink Floyd,7fdceb56429c4e38939c3e5ee41bfdd0,2025-04-01T19:45:34Z,,ec30df9aa1c9402db557f9baef42246b,No
spotify:track:7Me0vOSlJfaPY7Pc4GeItd,Marquee Moon,Marquee Moon,Television,f1f0f2ed0eb64306992b613229fb7972,2025-04-01T04:47:05Z,,ec30df9aa1c9402db557f9baef42246b,No
spotify:track:04nOwWktrlIrqalCY3QH0L,Free Radicals,At War With the Mystics,The Flaming Lips,7acfbf6ff4234d00875b58e7b2ec389d,2025-04-03T20:40:43Z,,19ca3c4fe13640d398f6daaf18483f92,No
spotify:track:0aVwclUm2FsksllwpJRlaX,Nuclear Burn,Unorthodox Behaviour,Brand X,49a5ff7c4466457eb8016aaf873224cb,2025-04-03T21:24:30Z,,19ca3c4fe13640d398f6daaf18483f92,No
spotify:track:0SzAKZYTUvDLqlPgllEb3N,Ai No Corrida,The Dude,"Quincy Jones, Charles May",7fdceb56429c4e38939c3e5ee41bfdd0,2025-04-05T01:16:31Z,,19ca3c4fe13640d398f6daaf18483f92,No
spotify:track:1DoWUjcc5sqpRioFPioogU,Expansions,Expansions,"Lonnie Liston Smith, The Cosmic Echoes",8453d173315c468e8134e2527a658ba5,2025-04-04T11:35:57Z,,19ca3c4fe13640d398f6daaf18483f92,No
spotify:track:2oZsXSssUFo09ZdDH217ld,Blessed Relief,The Grand Wazoo,Frank Zappa,9b7e03ea90dd46db9779dc21eb04ca5a,2025-04-03T20:53:45Z,,19ca3c4fe13640d398f6daaf18483f92,No
spotify:track:2XvGUsoEFpDsmfxlNsL5lL,In the Gallery,Dire Straits,Dire Straits,ce76a5e6ff274137bb5127db7065d9a8,2025-04-04T16:02:01Z,,19ca3c4fe13640d398f6daaf18483f92,No
spotify:track:2zyXyei2jNC0BeaekYUbJx,Untitled #8 - 2022 Remaster,( ) [2022 Remaster],Sigur Rós,183c5f6ed1b147099842917a9576c8f4,2025-04-05T06:17:16Z,,19ca3c4fe13640d398f6daaf18483f92,No
spotify:track:38pBZE7a3VpCGSjR94tiod,Gone Under,Family Dinner - Vol. 1,"Snarky Puppy, Shayna Steele",1c89e947d02949ed86d05ec22a7350bf,2025-04-03T21:03:42Z,,19ca3c4fe13640d398f6daaf18483f92,Yes
spotify:track:3ZSf1TJZyRb0rnWYuUtdX4,Main Title,Star Wars: A New Hope (Original Motion Picture Soundtrack),"John Williams, London Symphony Orchestra",e5c2390073644e979f43e744c33e6c60,2025-04-03T22:04:30Z,,19ca3c4fe13640d398f6daaf18483f92,No
spotify:track:4Wgj6jzoI2gYlumXdYAB8U,The National Anthem,Kid A,Radiohead,f1f0f2ed0eb64306992b613229fb7972,2025-04-05T20:37:54Z,,19ca3c4fe13640d398f6daaf18483f92,Yes
spotify:track:4zoQ3EqopTIGmK2c2rPV5t,Cause We've Ended as Lovers,Blow By Blow,Jeff Beck,a2909b31d1c04d728cfcf68ca0d73cca,2025-04-03T22:42:14Z,,19ca3c4fe13640d398f6daaf18483f92,Yes
spotify:track:55RrwVnAxHidgkx21kAcH1,"Mahler: Symphony No. 2 in C Minor ""Resurrection"": V. (b) Wieder sehr breit","Mahler: Symphony No. 2 ""Resurrection""","Gustav Mahler, Sir Simon Rattle, Berliner Philharmoniker",0b4377c224ba402d97adce848425da90,2025-04-04T15:00:08Z,,19ca3c4fe13640d398f6daaf18483f92,No
spotify:track:59WN2psjkt1tyaxjspN8fp,Killing In The Name,Rage Against The Machine - XX (20th Anniversary Special Edition),Rage Against The Machine,bf3a904d73564b6c97f9e47c5429b767,2025-04-04T13:46:59Z,,19ca3c4fe13640d398f6daaf18483f92,No
spotify:track:5WJU527RQNyMLuKecjsL8V,Maggot Brain,Maggot Brain,Funkadelic,605866a938e54c5da212fc8595186729,2025-04-05T10:16:10Z,,19ca3c4fe13640d398f6daaf18483f92,No
spotify:track:6tEaLXZlN8b71vWV1SSsRf,La femme d'argent,Moon Safari,Air,4e117e3021d7466c8bf0b654f8357418,2025-04-04T18:14:46Z,,19ca3c4fe13640d398f6daaf18483f92,No
spotify:track:7cNueAsoIwFAvxDip4HetE,Eldorado Slim,Dixie Chicken (Deluxe Edition),Little Feat,d0b05ef03f5e4598a3e8532b812c3330,2025-04-05T14:40:47Z,,19ca3c4fe13640d398f6daaf18483f92,No
spotify:track:01MBhRpvFkbeRwAp7gcF2W,E-Pro,Guero,Beck,4e117e3021d7466c8bf0b654f8357418,2025-04-09T02:50:28Z,,aedef461c6cb462e87d505d14650f690,No
spotify:track:0Y2i84QWPFiFHQfEQDgHya,People = Shit,Iowa (10th Anniversary Edition),Slipknot,e5c2390073644e979f43e744c33e6c60,2025-04-09T07:26:12Z,,aedef461c6cb462e87d505d14650f690,No
spotify:track:2gPl93XdGnfKUykwxVHUYt,Go Get It,Trouble Man: Heavy is the Head,T.I.,bf3a904d73564b6c97f9e47c5429b767,2025-04-08T15:46:53Z,this hits so hard in the middle of a run when you need some dopamine ,aedef461c6cb462e87d505d14650f690,No
spotify:track:2Xhd1kYKj2aee7JR3nIlRe,Go,Born In The Echoes,"The Chemical Brothers, Q-Tip",0b4377c224ba402d97adce848425da90,2025-04-07T21:08:31Z,,aedef461c6cb462e87d505d14650f690,No
spotify:track:3pgainA2dH9c7e8JVYGRCN,Ride on Time,Dreamland,Black Box,1c89e947d02949ed86d05ec22a7350bf,2025-04-09T11:43:47Z,,aedef461c6cb462e87d505d14650f690,No
spotify:track:3YZa4IzxK2UtEKTvdTgsi8,Suffragette City - 2012 Remaster,The Rise and Fall of Ziggy Stardust and the Spiders from Mars (2012 Remaster),David Bowie,49a5ff7c4466457eb8016aaf873224cb,2025-04-07T20:47:08Z,,aedef461c6cb462e87d505d14650f690,No
spotify:track:47oS7xB31QQUyPCgHpM3VZ,Canned Heat,Synkronized,Jamiroquai,8453d173315c468e8134e2527a658ba5,2025-04-09T09:36:33Z,You wouldn’t know it looking at my physique but I haven’t worked out in 20+ years,aedef461c6cb462e87d505d14650f690,No
spotify:track:4hYK4R7LGKOz7TyyR8ryty,Tweezer Reprise,"LivePhish 2/28/03 (Nassau Coliseum, Uniondale, NY)",Phish,a2909b31d1c04d728cfcf68ca0d73cca,2025-04-09T16:36:58Z,On repeat. ,aedef461c6cb462e87d505d14650f690,Yes
spotify:track:4u1Wq5XWqkU7qa0T76h0B7,Nyack (Live),Live In Tokyo (Live),Lettuce,9b7e03ea90dd46db9779dc21eb04ca5a,2025-04-07T20:47:23Z,,aedef461c6cb462e87d505d14650f690,No
spotify:track:5UqCQaDshqbIk3pkhy4Pjg,Levels - Radio Edit,Levels,Avicii,ce76a5e6ff274137bb5127db7065d9a8,2025-04-07T21:12:57Z,,aedef461c6cb462e87d505d14650f690,No
spotify:track:5XmyjJIWjhVaZ4IiN6a35F,Mine World - Jazzy Mix,Mine World (Jazzy Mix),Rawling,d0b05ef03f5e4598a3e8532b812c3330,2025-04-08T16:27:29Z,,aedef461c6cb462e87d505d14650f690,Yes
spotify:track:6NtkWVLdArIlZAwxpWH2tF,Descending To Nowhere,In Between Thoughts...A New World,Rodrigo y Gabriela,183c5f6ed1b147099842917a9576c8f4,2025-04-09T06:06:20Z,,aedef461c6cb462e87d505d14650f690,No
spotify:track:6Sy9BUbgFse0n0LPA5lwy5,Sandstorm,"Before the Storm, Special Edition",Darude,f1f0f2ed0eb64306992b613229fb7972,2025-04-09T03:46:09Z,,aedef461c6cb462e87d505d14650f690,Yes
spotify:track:76Je5Wklky23mVoxiRszcN,Walk,Wasting Light,Foo Fighters,7fdceb56429c4e38939c3e5ee41bfdd0,2025-04-07T22:48:00Z,,aedef461c6cb462e87d505d14650f690,No
spotify:track:7m47Go71qTMBs4kTH7U8F8,Pursuit Of Happiness - Extended Steve Aoki Remix,Pursuit Of Happiness (International Version),"Kid Cudi, MGMT, Ratatat, Steve Aoki",605866a938e54c5da212fc8595186729,2025-04-09T16:52:08Z,,aedef461c6cb462e87d505d14650f690,No
spotify:track:7M8dZRhsjdyA01DS3V4Zt8,Si Chomphu,Si Chomphu,Salin,7acfbf6ff4234d00875b58e7b2ec389d,2025-04-08T18:52:59Z,,aedef461c6cb462e87d505d14650f690,Yes
spotify:track:0Fnyh3NVMQ4vunRjKBBUGy,Mr Magic (Through The Smoke),Frank,Amy Winehouse,1c89e947d02949ed86d05ec22a7350bf,2025-04-11T17:53:53Z,,146e6cd80c02443fa16d09dabbb62073,No
spotify:track:0RNRRdxkgkMdUYWwOcRoIs,Pass Me By,Soul of a Woman,Sharon Jones & The Dap-Kings,f1f0f2ed0eb64306992b613229fb7972,2025-04-11T21:21:24Z,,146e6cd80c02443fa16d09dabbb62073,Yes
spotify:track:1xIxMz1sNQ4b6svH1GuTtF,Gimme the Loot - 2005 Remaster,Ready to Die (The Remaster),The Notorious B.I.G.,ce76a5e6ff274137bb5127db7065d9a8,2025-04-11T17:19:41Z,Have gone back and forth a couple times. Assume most of you won’t like this but whatever. Rap hasn’t come close since ,146e6cd80c02443fa16d09dabbb62073,No
spotify:track:2r3XNMon9K7bl2KTtHsaQO,"Bad, Bad Leroy Brown",Life & Times,Jim Croce,0b4377c224ba402d97adce848425da90,2025-04-10T21:50:18Z,,146e6cd80c02443fa16d09dabbb62073,No
spotify:track:36AlMHDBFwSsD3FQOy1R81,Try a Little Tenderness,Complete & Unbelievable: The Otis Redding Dictionary of Soul,Otis Redding,605866a938e54c5da212fc8595186729,2025-04-10T21:41:22Z,,146e6cd80c02443fa16d09dabbb62073,No
spotify:track:41ck7dyzOFlUOEFJ0W827G,Ooh Las Vegas - Alternate Version,The Complete Reprise Sessions,Gram Parsons,49a5ff7c4466457eb8016aaf873224cb,2025-04-11T01:07:55Z,,146e6cd80c02443fa16d09dabbb62073,No
spotify:track:4cRfSR0QxDlXRHTKyEOu93,"Come On, Let's Go",Ritchie Valens,Ritchie Valens,e5c2390073644e979f43e744c33e6c60,2025-04-10T21:36:14Z,,146e6cd80c02443fa16d09dabbb62073,No
spotify:track:4gDBc1RxPAvinJrZzZ9nYX,Love Will Save the Day,Whitney,Whitney Houston,4e117e3021d7466c8bf0b654f8357418,2025-04-10T21:39:07Z,,146e6cd80c02443fa16d09dabbb62073,No
spotify:track:4IDdUssauEYJ9kTit6tOU6,Chicken,Broadway Blues,"Jaco Pastorius, Peter Lübke, Biréli Lagrène",a2909b31d1c04d728cfcf68ca0d73cca,2025-04-11T21:23:13Z,,146e6cd80c02443fa16d09dabbb62073,Yes
spotify:track:4RNsw8jHuGpev7bD1iNiXi,Shake The Devil,Private Eyes,Tommy Bolin,7fdceb56429c4e38939c3e5ee41bfdd0,2025-04-10T23:53:56Z,,146e6cd80c02443fa16d09dabbb62073,No
spotify:track:5ZEib6AwbB3VDEEhgrTlTY,How Can I Keep From Singing? (Eva By Heart),Eva By Heart,Eva Cassidy,d0b05ef03f5e4598a3e8532b812c3330,2025-04-12T16:15:39Z,,146e6cd80c02443fa16d09dabbb62073,No
spotify:track:6GAybu4JcmO10U2K1tYyYX,Swagger (J Dilla instrumental),Yancey Boys (Instrumentals),"J Dilla, Illa J",9b7e03ea90dd46db9779dc21eb04ca5a,2025-04-10T21:50:58Z,"IMO in the top 10 most influential musicians in the last century, and hardly anyone really knows who he is. 

Unfortunately died at 32. Had so much more to give. ",146e6cd80c02443fa16d09dabbb62073,Yes
spotify:track:6k5IO1XwivnRu9d3ZF7Bgq,"Stormy Monday - Live At Fillmore East, March 13, 1971",At Fillmore East,Allman Brothers Band,bf3a904d73564b6c97f9e47c5429b767,2025-04-11T17:04:02Z,duane allman would’ve been top 5 guitarist of all time.,146e6cd80c02443fa16d09dabbb62073,No
spotify:track:6Xv160PuntxAtb67Ed4t4I,Shakin' All Over,The Complete Johnny Kidd Vol 1 & 2,Johnny Kidd & The Pirates,183c5f6ed1b147099842917a9576c8f4,2025-04-11T17:12:25Z,,146e6cd80c02443fa16d09dabbb62073,No
spotify:track:750HQucwaNqPnTWMIiqZ5X,Don't Worry,I Care 4 U,Aaliyah,8453d173315c468e8134e2527a658ba5,2025-04-12T11:10:21Z,,146e6cd80c02443fa16d09dabbb62073,No
spotify:track:7cqUV8juVGXvKUgL2hwkE1,Zoo Story,Tigersapp,Szymon,7acfbf6ff4234d00875b58e7b2ec389d,2025-04-11T05:34:50Z,,146e6cd80c02443fa16d09dabbb62073,Yes
spotify:track:0HNzHaivuYoAJ3MLG0592z,Comanche,Intoxica,The Revels,e5c2390073644e979f43e744c33e6c60,2025-04-14T15:01:04Z,Bring out the gimp. But the gimp is sleeping. Well I guess you have to wake him up now won’t you! -Pulp Fiction,805e031d43d04315bf31c7c8e387d887,No
spotify:track:0SpdCj83hKPcwTqNzUkWXr,Wise Up,"Bachelor, No. 2 (Or, The Last Remains of the Dodo) [20th Anniversary Edition]",Aimee Mann,4e117e3021d7466c8bf0b654f8357418,2025-04-15T03:45:17Z,"A nurse cares for a dying man who asks him to find his estranged son to the chagrin of the trophy wife who later attempts suicide. 

A girl with drug problems beats herself up for leaving a man she just kissed who thinks it’s because he’s an inept cop.

A quiz show host admits to cheating on his wife while a former champ of the show is now jobless and planning a robbery. A current contestant is berated by his father to do well and runs away.

https://youtu.be/aNmKghTvj0E?si=PBi-OUF0A_yXKClN",805e031d43d04315bf31c7c8e387d887,Yes
spotify:track:0YwNdeDFbGP6AGwsQrtzdY,I Am A Man Of Constant Sorrow - Radio Edit,"O Brother, Where Art Thou? (Original Motion Picture Soundtrack)","The Soggy Bottom Boys, Dan Tyminski",a2909b31d1c04d728cfcf68ca0d73cca,2025-04-15T15:29:05Z,,805e031d43d04315bf31c7c8e387d887,Yes
spotify:track:0zKZ3TSGmBdklnLlnxJbWb,"Don't Let Me Be Misunderstood / Esmeralda Suite - 7"" Edit",Don't Let Me Be Misunderstood / Esmeralda Suite,"Santa Esmeralda, Leroy Gomez",d0b05ef03f5e4598a3e8532b812c3330,2025-04-15T17:34:53Z,Kill Bill ,805e031d43d04315bf31c7c8e387d887,No
spotify:track:126HWk9JuCt4PHZJAAsgOv,Thé à la menthe (The Lazer Dance Version) [Instrumental],Peines de Maures / Arc-en-ciel pour daltoniens (Instrumental Version),La Caution,605866a938e54c5da212fc8595186729,2025-04-16T03:13:49Z,,805e031d43d04315bf31c7c8e387d887,No
spotify:track:1JweeRbJ87ViccTOW7cwz9,"""T"" Plays It Cool",Trouble Man,Marvin Gaye,bf3a904d73564b6c97f9e47c5429b767,2025-04-14T17:13:09Z,trouble man ,805e031d43d04315bf31c7c8e387d887,No
spotify:track:1q1T0TbFO2fWkDmgCKwTB0,Epiphany,Soul (Original Motion Picture Soundtrack),Trent Reznor and Atticus Ross,7fdceb56429c4e38939c3e5ee41bfdd0,2025-04-15T04:41:31Z,,805e031d43d04315bf31c7c8e387d887,No
spotify:track:1UveyJanND5TdsO87bI32l,"I'm Alright (Theme from ""Caddyshack"")",The Essential Kenny Loggins,Kenny Loggins,8453d173315c468e8134e2527a658ba5,2025-04-15T10:15:24Z,,805e031d43d04315bf31c7c8e387d887,No
spotify:track:2bnC2685wL0i7ATaFk4Faz,Fletch Theme,Fletch (Original Motion Picture Soundtrack),Harold Faltermeyer,ce76a5e6ff274137bb5127db7065d9a8,2025-04-14T15:47:12Z,,805e031d43d04315bf31c7c8e387d887,No
spotify:track:2olVm1lHicpveMAo4AUDRB,The Power Of Love,Greatest Hits: Huey Lewis And The News,Huey Lewis & The News,7acfbf6ff4234d00875b58e7b2ec389d,2025-04-14T23:50:12Z,Back To The Future ,805e031d43d04315bf31c7c8e387d887,Yes
spotify:track:4rJtUMlnhJzlzlnxyoc3tb,I'll Fly Away,"O Brother, Where Art Thou? (Original Motion Picture Soundtrack)","Gillian Welch, Alison Krauss",f1f0f2ed0eb64306992b613229fb7972,2025-04-14T20:34:52Z,,805e031d43d04315bf31c7c8e387d887,Yes
spotify:track:5h6GtBMMb29l3EsbegykTD,The Only Living Boy in New York,Garden State - Music From The Motion Picture,Simon & Garfunkel,183c5f6ed1b147099842917a9576c8f4,2025-04-15T14:38:42Z,,805e031d43d04315bf31c7c8e387d887,No
spotify:track:5iJxxPSkOZfvFfVqob3UP7,One Of These Things First,Garden State - Music From The Motion Picture,Nick Drake,9b7e03ea90dd46db9779dc21eb04ca5a,2025-04-14T15:18:50Z,,805e031d43d04315bf31c7c8e387d887,No
spotify:track:5xRP5iyVdGglqlY4Vcjhkx,Sinnerman,Pastel Blues,Nina Simone,0b4377c224ba402d97adce848425da90,2025-04-14T21:19:55Z,"Great little snippets of this song throughout The Thomas Crown Affair, culminating in the famous scene where Crown returns to the museum in disguise. This song really elevates the movie for me. ",805e031d43d04315bf31c7c8e387d887,Yes
spotify:track:6Q32Vkucx2qeuVyBd3NiFZ,Battle Without Honor Or Humanity,Kill Bill Vol. 1 Original Soundtrack (PA Version),HOTEI,49a5ff7c4466457eb8016aaf873224cb,2025-04-14T14:17:15Z,,805e031d43d04315bf31c7c8e387d887,Yes
spotify:track:7p6ZGUXjUe0ctAu5RNnghu,You Never Can Tell,Pulp Fiction (Music From The Motion Picture),Chuck Berry,1c89e947d02949ed86d05ec22a7350bf,2025-04-15T12:25:15Z,"""Yep, the song playing during THAT dance scene between John Travolta and Uma Thurman is 1964's You Never Can Tell by the ""Father of Rock and Roll"" Chuck Berry. The song was a perfect choice for the Twist Contest - based on a dance craze from the early '60s - and unsurprisingly the song became popular again following Pulp Fiction's release, becoming one of if not the most symbolic songs of the film.""",805e031d43d04315bf31c7c8e387d887,Yes
spotify:track:06G1BCnCULkZwTvKBzn5LV,Don't Stop - Original Mix,Don't Stop,K.I.D.,ce76a5e6ff274137bb5127db7065d9a8,2025-04-17T21:16:11Z,,5806a8a885db4ee497d214c467435302,No
spotify:track:08DeDU0qAaNSZ36YVCsBJW,Do Your Thing,The Singles,Basement Jaxx,1c89e947d02949ed86d05ec22a7350bf,2025-04-18T13:22:49Z,,5806a8a885db4ee497d214c467435302,Yes
spotify:track:0BWBqb5XxraObLopqskk6D,Feels Right,Feels Right,Biig Piig,7fdceb56429c4e38939c3e5ee41bfdd0,2025-04-19T19:16:52Z,,5806a8a885db4ee497d214c467435302,No
spotify:track:0DiWol3AO6WpXZgp0goxAV,One More Time,Discovery,Daft Punk,a2909b31d1c04d728cfcf68ca0d73cca,2025-04-18T18:47:40Z,,5806a8a885db4ee497d214c467435302,Yes
spotify:track:0l0wEEcYU7rqKePo6K0q4C,LIFE IS A RHYTHM,ARTIFACTUAL RHYTHM,"Alexander Flood, Cazeaux O.S.L.O",9b7e03ea90dd46db9779dc21eb04ca5a,2025-04-19T20:34:09Z,,5806a8a885db4ee497d214c467435302,No
spotify:track:1poLPbNU52BixoFsNUmAoZ,Superstrong,Suddenly Everything,"Max Sedgley, Tasita D'Mour",7acfbf6ff4234d00875b58e7b2ec389d,2025-04-18T19:19:37Z,,5806a8a885db4ee497d214c467435302,Yes
spotify:track:2cYgLTZ64YTzprMkEBiDDZ,Gangsters of the Groove - Single Version,Candles (Expanded Edition),Heatwave,49a5ff7c4466457eb8016aaf873224cb,2025-04-17T21:14:06Z,,5806a8a885db4ee497d214c467435302,Yes
spotify:track:3Ro71R8Vpy166E2PuQDSc8,The Magnificent Seven - Remastered,Sandinista! (Remastered),The Clash,183c5f6ed1b147099842917a9576c8f4,2025-04-19T16:39:45Z,"Fun fact- the clash also released a ""dance"" version of this track but I think the original does the job  https://open.spotify.com/track/2vUlFUyRbemQaseUj6NESz?si=570Iy_3wQk-cEESm8clGVw",5806a8a885db4ee497d214c467435302,Yes
spotify:track:4P9Zj5SaXiQqQXYTTHbzK5,Deep Sun,The New Deal,The New Deal,0b4377c224ba402d97adce848425da90,2025-04-18T21:33:31Z,,5806a8a885db4ee497d214c467435302,No
spotify:track:4tKGFmENO69tZR9ahgZu48,Murder On The Dancefloor,Read My Lips (Deluxe Version),Sophie Ellis-Bextor,f1f0f2ed0eb64306992b613229fb7972,2025-04-18T04:09:38Z,🕺🏻,5806a8a885db4ee497d214c467435302,Yes
spotify:track:4ZF74uJy2XGgVx8TUeYjZ8,La Dueña del Swing,Los Dueños del Swing,Los Hermanos Rosario,e5c2390073644e979f43e744c33e6c60,2025-04-18T23:25:48Z,,5806a8a885db4ee497d214c467435302,No
spotify:track:50uw8iZZ9xHxUwNqlbUYin,Slippin on Ya Pimpin,Motor City Booty,"Amp Fiddler, Dames Brown",8453d173315c468e8134e2527a658ba5,2025-04-19T11:53:22Z,,5806a8a885db4ee497d214c467435302,No
spotify:track:5HTwmDjAU1gfJY0D2URfiR,On Your Knees,Muse,Grace Jones,605866a938e54c5da212fc8595186729,2025-04-19T18:46:20Z,,5806a8a885db4ee497d214c467435302,No
spotify:track:5McpHv04Js5IEMmeIDFBb6,Thinking Of You (2018 Remaster) - Dimitri From Paris Remix,Dimitri From Paris presents Le CHIC Remix,"Sister Sledge, Dimitri From Paris",d0b05ef03f5e4598a3e8532b812c3330,2025-04-19T15:53:30Z,One day I’ll play an amazing DJ set filled with hundreds of people all having the time of their life and I’ll end the night with this. People will groove. People will smile. People will make (more) babies. Honey Dijon will be proud of me. ,5806a8a885db4ee497d214c467435302,Yes
spotify:track:6CTv5qKVvkxsvSRQfC6SjO,Tonight,I Need You Tonite / Tonight,Suzy Q,bf3a904d73564b6c97f9e47c5429b767,2025-04-18T17:25:21Z,,5806a8a885db4ee497d214c467435302,No
spotify:track:708DnJC8l1b4Bf4xg0GiBv,Do You Wanna Funk?,All I Need,"Patrick Cowley, Sylvester",4e117e3021d7466c8bf0b654f8357418,2025-04-18T01:01:04Z,,5806a8a885db4ee497d214c467435302,No
spotify:track:0H2ivFFUeSTOHfUTDirdgT,"Sugaree - Live at Hartford, CT, May 28, 1977","To Terrapin: May 28, 1977 Hartford, CT (Live)",Grateful Dead,605866a938e54c5da212fc8595186729,2025-04-22T21:48:04Z,,24d7d597fa5b441f99d78859d3a1713b,No
spotify:track:29MH51JBndOhaShPbeDJCt,Just Say Play,Free Time,Jerry Paper,9b7e03ea90dd46db9779dc21eb04ca5a,2025-04-22T20:14:23Z,"I’m sorry I bent the rules, but if even one person learns they like Jerry Paper, it’s worth it. ",24d7d597fa5b441f99d78859d3a1713b,No
spotify:track:2IIhbJscRETqE6uud1P1Pl,"16/16 (David Grisman) Take 3, 11/24/92",So What,"Jerry Garcia, David Grisman",49a5ff7c4466457eb8016aaf873224cb,2025-04-21T23:54:53Z,,24d7d597fa5b441f99d78859d3a1713b,Yes
spotify:track:3GOQbwyBIaVFDK6eGoQoYB,That's What Love Will Make You Do - Live,"GarciaLive Volume One: March 1st, 1980 Capitol Theatre","Jerry Garcia Band, Jerry Garcia",1c89e947d02949ed86d05ec22a7350bf,2025-04-22T16:14:21Z,,24d7d597fa5b441f99d78859d3a1713b,No
spotify:track:3I3t5aIBIbIaHeLvLbflxa,Positively 4th Street,Keystone Companions: The Complete 1973 Fantasy Recordings,"Merl Saunders, Jerry Garcia",ce76a5e6ff274137bb5127db7065d9a8,2025-04-21T21:11:00Z,,24d7d597fa5b441f99d78859d3a1713b,No
spotify:track:3RZ8VoZuRGyIWnEZwdWEuJ,Space Funk - Live,Side Trips: Volume One (Live),"Jerry Garcia, Howard Wales",0b4377c224ba402d97adce848425da90,2025-04-21T21:58:20Z,,24d7d597fa5b441f99d78859d3a1713b,No
spotify:track:4rdqVIkfzxY24OE5whDltT,Let It Rock - Live,"Let it Rock: The Jerry Garcia Collection, Volume 2","Jerry Garcia Band, Jerry Garcia",bf3a904d73564b6c97f9e47c5429b767,2025-04-22T15:35:57Z,,24d7d597fa5b441f99d78859d3a1713b,No
spotify:track:55A7jJDPQQbodlqOvjAzSS,"Mississippi Half-Step Uptown Toodleoo - Live in Englishtown, NJ, 9/3/77","Dick's Picks Vol. 15: Raceway Park, Englishtown, NJ 9/3/77 (Live)",Grateful Dead,d0b05ef03f5e4598a3e8532b812c3330,2025-04-22T12:19:32Z,,24d7d597fa5b441f99d78859d3a1713b,No
spotify:track:55PnOCL9GV7Y3yXv2EDhVl,Walkin' Boss - Other Tunes & Arrangements,"Bare Bones, Vol. 2: The Duo Recordings (Other Tunes & Arrangements)","Jerry Garcia, David Grisman",7acfbf6ff4234d00875b58e7b2ec389d,2025-04-22T03:23:47Z,,24d7d597fa5b441f99d78859d3a1713b,Yes
spotify:track:5EYwvVG7VJwLIFzECFLhQy,South Side Strut,Hooteroll? +2,Jerry Garcia & Howard Wales,4e117e3021d7466c8bf0b654f8357418,2025-04-21T21:12:08Z,,24d7d597fa5b441f99d78859d3a1713b,No
spotify:track:5Jnjl1B4GnSIdOI5mTyYKf,Expressway (To Your Heart) - Live,"GarciaLive Volume 12: January 23rd, 1973 The Boarding House","Jerry Garcia & Merl Saunders, Jerry Garcia",8453d173315c468e8134e2527a658ba5,2025-04-22T10:11:20Z,Unfortunate the only version on Spotify has a female vocalist but hey that’s Jerry. It ain’t gonna be perfect ,24d7d597fa5b441f99d78859d3a1713b,No
spotify:track:630BRNBbtoGSwneoWVXTXt,Merl's Tune - Live,Well-Matched: The Best Of Merl Saunders & Jerry Garcia,"Jerry Garcia, Merl Saunders, John Kahn, Bill Vitt",e5c2390073644e979f43e744c33e6c60,2025-04-22T22:25:23Z,,24d7d597fa5b441f99d78859d3a1713b,No
spotify:track:6jPVwIdtUl2pn7SCXBIQL2,Keepers - Live,"Pure Jerry: Keystone, Berkeley, September 1, 1974","Jerry Garcia & Merl Saunders, Jerry Garcia",183c5f6ed1b147099842917a9576c8f4,2025-04-21T22:26:22Z,,24d7d597fa5b441f99d78859d3a1713b,No
spotify:track:6s4SsCgoN4YhsdjP7HkWhc,The Harder They Come,"GarciaLive Volume Nine: August 11th, 1974 Keystone Berkeley","Jerry Garcia & Merl Saunders, Jerry Garcia",7fdceb56429c4e38939c3e5ee41bfdd0,2025-04-22T14:14:47Z,,24d7d597fa5b441f99d78859d3a1713b,No
spotify:track:7C8LYd0gWShnWlVtJkfyu4,Whiskey In The Jar,Shady Grove,"Jerry Garcia, David Grisman",a2909b31d1c04d728cfcf68ca0d73cca,2025-04-23T11:35:36Z,,24d7d597fa5b441f99d78859d3a1713b,Yes
spotify:track:0HOrDVS349XFcpCYsO2hAP,You Ain't Seen Nothing Yet,Not Fragile,Bachman-Turner Overdrive,49a5ff7c4466457eb8016aaf873224cb,2025-04-25T12:30:10Z,,62f9836389fe4737857b1cae5e46422f,No
spotify:track:0nc2E5PBnwVyE8T0bWIJBx,"Alright, Alright, Alright",In the Summertime,Mungo Jerry,9b7e03ea90dd46db9779dc21eb04ca5a,2025-04-26T19:00:01Z,,62f9836389fe4737857b1cae5e46422f,No
spotify:track:0WoOHWp82bWaFBwrox1oGA,Them Changes,Them Changes,Buddy Miles,605866a938e54c5da212fc8595186729,2025-04-26T17:11:21Z,,62f9836389fe4737857b1cae5e46422f,No
spotify:track:16x9viSmRS3PII71Pdeowc,Roll with the Changes,"You Can Tune a Piano, But You Can't Tuna Fish",REO Speedwagon,d0b05ef03f5e4598a3e8532b812c3330,2025-04-25T15:00:22Z,,62f9836389fe4737857b1cae5e46422f,No
spotify:track:1FwFVKRNX1IV4eEZSGGg5M,Darwin Derby,Hill Climber,"Vulfpeck, Theo Katzman, Antwaun Stanley",7fdceb56429c4e38939c3e5ee41bfdd0,2025-04-26T12:27:37Z,,62f9836389fe4737857b1cae5e46422f,No
spotify:track:2TXLiR7TNeAIRy7fvavgYO,Till It Shines,Stranger In Town,Bob Seger,ce76a5e6ff274137bb5127db7065d9a8,2025-04-25T13:50:40Z,,62f9836389fe4737857b1cae5e46422f,No
spotify:track:3gYTkCLPutGr4qF8PMqipB,Midnight Special,Blowin' Your Mind!,Van Morrison,8453d173315c468e8134e2527a658ba5,2025-04-27T11:43:56Z,I don’t understand the prompt at all. ,62f9836389fe4737857b1cae5e46422f,No
spotify:track:4fQMGlCawbTkH9yPPZ49kP,Green Onions,Green Onions,Booker T. & the M.G.'s,183c5f6ed1b147099842917a9576c8f4,2025-04-25T21:43:03Z,,62f9836389fe4737857b1cae5e46422f,No
spotify:track:4pryE6cN2gFL1FVF5fYINl,Leave The Door Open,An Evening With Silk Sonic,"Bruno Mars, Anderson .Paak, Silk Sonic",1c89e947d02949ed86d05ec22a7350bf,2025-04-26T16:47:44Z,,62f9836389fe4737857b1cae5e46422f,No
spotify:track:4qM461TqtpnP4GLRIXwEnW,Sussudio - 2016 Remaster,No Jacket Required (2016 Remaster),Phil Collins,a2909b31d1c04d728cfcf68ca0d73cca,2025-04-26T14:47:25Z,,62f9836389fe4737857b1cae5e46422f,Yes
spotify:track:4wswaG5vmNINMZcVBsAyBP,Got My Mind Set on You,Cloud Nine,George Harrison,e5c2390073644e979f43e744c33e6c60,2025-04-25T14:58:53Z,,62f9836389fe4737857b1cae5e46422f,No
spotify:track:5UXxCIO3NRmsoaGey58BcL,Road Of Farewell,East of Any Place (Habibi Funk 025),"Rogér Fakhr, Bruna-Maria Naufal",7acfbf6ff4234d00875b58e7b2ec389d,2025-04-26T23:28:22Z,,62f9836389fe4737857b1cae5e46422f,No
spotify:track:5zldKan8Pu2rPegmeY0wIV,Jukebox Babe,Jukebox Babe,Moon Duo,4e117e3021d7466c8bf0b654f8357418,2025-04-26T03:57:34Z,,62f9836389fe4737857b1cae5e46422f,No
spotify:track:7aLn70gMnbTCVGoIro42Kd,Lady Day and John Coltrane,Pieces of a Man,Gil Scott-Heron,0b4377c224ba402d97adce848425da90,2025-04-26T17:06:30Z,,62f9836389fe4737857b1cae5e46422f,No
spotify:track:7EZC6E7UjZe63f1jRmkWxt,Zombie,No Need To Argue (The Complete Sessions 1994-1995),The Cranberries,bf3a904d73564b6c97f9e47c5429b767,2025-04-25T15:13:55Z,,62f9836389fe4737857b1cae5e46422f,No
spotify:track:06U3Uya6qDvUB6iVjMPiBG,Kidi Bloom,Kidi Bloom,The Bombillas,1c89e947d02949ed86d05ec22a7350bf,2025-04-30T12:59:15Z,,98b840b5652549da84ef8db8dab2f7d3,Yes
spotify:track:0AvHKpI768IrIR6QC6Irue,B.P.E,anaiis & Grupo Cosmo,"anaiis, Grupo Cosmo",7acfbf6ff4234d00875b58e7b2ec389d,2025-05-01T06:29:18Z,,98b840b5652549da84ef8db8dab2f7d3,Yes
spotify:track:0Hegsw5X6iSKhY5Gzx1y9O,Morning Breeze,Smoke Signals,Ryan James Carr,9b7e03ea90dd46db9779dc21eb04ca5a,2025-04-29T17:21:40Z,,98b840b5652549da84ef8db8dab2f7d3,Yes
spotify:track:0iToY4V0Q5Uuc1xju5cxrn,Ammoniak,Skorphut,Triorität,8453d173315c468e8134e2527a658ba5,2025-04-30T12:36:59Z,,98b840b5652549da84ef8db8dab2f7d3,No
spotify:track:1JhesS1R3qHkHwcFMTF5EA,Party,Heatwave,Harari,183c5f6ed1b147099842917a9576c8f4,2025-04-30T17:18:52Z,"If I get a song onto the Cave list, the season is a success ",98b840b5652549da84ef8db8dab2f7d3,No
spotify:track:1Rdy7hNryZrUAcHbXF2aLo,Titanic Flute,Titanic Flute,Kayhin,49a5ff7c4466457eb8016aaf873224cb,2025-04-29T12:46:12Z,,98b840b5652549da84ef8db8dab2f7d3,No
spotify:track:1xhz0RlOVHEqxobHkLwmDo,Welcome to your new home,Welcome to your new home,Aisake,d0b05ef03f5e4598a3e8532b812c3330,2025-04-30T16:40:50Z,,98b840b5652549da84ef8db8dab2f7d3,Yes
spotify:track:1XlWiglZK3Odz77zQz00vY,What Doesn't Kill You Makes You Fatter,What Doesn't Kill You Makes You Fatter,New Planets,ce76a5e6ff274137bb5127db7065d9a8,2025-04-29T12:58:56Z,,98b840b5652549da84ef8db8dab2f7d3,No
spotify:track:2Q05KOAMF7ZSDPEhBPoODa,サンダー・キッス,バーニング・ウェイヴ,本多俊之+シーウィンド,bf3a904d73564b6c97f9e47c5429b767,2025-04-30T14:34:47Z,,98b840b5652549da84ef8db8dab2f7d3,No
spotify:track:2q20N3vdzHUEYaIpLeyzwl,Soul to Sole,Ginger Ale,"SOYOUZZ, Thomas Huet, Charles-Eric Moreau",605866a938e54c5da212fc8595186729,2025-05-01T02:19:38Z,,98b840b5652549da84ef8db8dab2f7d3,No
spotify:track:4s3EYWNCgZaILmn4lqvAsL,Cold Blooded,Time Is A Thief,Marc Broussard,e5c2390073644e979f43e744c33e6c60,2025-04-29T20:53:43Z,,98b840b5652549da84ef8db8dab2f7d3,No
spotify:track:5pRpPmMdvAM0sHInhqRZXl,Duck Tales Theme - From “Duck Tales“,The Disney Afternoon,The Disney Afternoon Studio Chorus,a2909b31d1c04d728cfcf68ca0d73cca,2025-05-01T01:29:24Z,"Prove to me you know the artist. And when you can’t, give me points cause this song slaps. ",98b840b5652549da84ef8db8dab2f7d3,Yes
spotify:track:6472wicLkgAWuku1GdVIbJ,Côte D'ivoire,Rough Cuts,Yoni Mayraz,0b4377c224ba402d97adce848425da90,2025-04-30T13:32:49Z,,98b840b5652549da84ef8db8dab2f7d3,No
spotify:track:6YvZWDts3yeRdxxby3DKkl,La Sfinge,La Sfinge,"Tommiboy, Daniel Monaco, DM Disco Band",4e117e3021d7466c8bf0b654f8357418,2025-04-30T23:48:25Z,,98b840b5652549da84ef8db8dab2f7d3,No
spotify:track:7xYZP2cOCYF1HZKz6zzKmE,The Gaffer,They Live,Pleasurewood,7fdceb56429c4e38939c3e5ee41bfdd0,2025-05-01T01:47:03Z,,98b840b5652549da84ef8db8dab2f7d3,No
